INSERT INTO HOSPITAL VALUES ( '2629992', 'CINHOSP', '50513254', 'RUA PADRE MELO 111');

INSERT INTO HOSPITAL VALUES ( '3998223', 'CAMILAHOSP', '23430140', 'RUA PASTOR FRANCISCO 222');

INSERT INTO HOSPITAL VALUES ( '2278221', 'MARIOHOSP', '50513878', 'RUA PADRE MELO 333');


INSERT INTO MEDICO VALUES ( '27719625196', 'MALU', TO_DATE('1975/06/04','YYYY/MM/DD'), 'OBSTETRA', NULL , '2629992');

INSERT INTO MEDICO VALUES ( '82291697137', 'FRANCISCO', TO_DATE('1975/01/01','YYYY/MM/DD'), 'PEDIATRA', NULL , '3998223');

INSERT INTO MEDICO VALUES ( '11613618476', 'CAMILA', TO_DATE('1985/05/05','YYYY/MM/DD'), 'CARDIOLOGISTA', '82291697137', '2629992');

INSERT INTO MEDICO VALUES ( '19515711266', 'FERNANDO', TO_DATE('1995/07/05','YYYY/MM/DD'), 'NEUROLOGISTA', '82291697137' , '2629992');

INSERT INTO MEDICO VALUES ( '11280037164', 'KAILANE', TO_DATE('1981/02/13','YYYY/MM/DD'), 'PEDIATRA', '27719625196', '3998223');

INSERT INTO MEDICO VALUES ( '11280037500', 'FABIOLA', TO_DATE('1978/02/13','YYYY/MM/DD'), 'OBSTETRA', '27719625196', '2629992');


INSERT INTO ATENDENTE VALUES ( '54407758627', '012', 'LUISA', TO_DATE('1982/03/01','YYYY/MM/DD'), '2629992');

INSERT INTO ATENDENTE VALUES ( '78271925300', '012', 'CAMILA', TO_DATE('1985/02/08','YYYY/MM/DD'), '3998223');

INSERT INTO ATENDENTE VALUES ( '18276838480', '013', 'MARIO', TO_DATE('1979/05/02','YYYY/MM/DD'), '2278221');

INSERT INTO ATENDENTE VALUES ( '50076838480', '015', 'NICOLE', TO_DATE('1990/02/04','YYYY/MM/DD'), '2278221');


INSERT INTO PACIENTE VALUES ('08312141120', 'MARIO', TO_DATE('1989/10/05','YYYY/MM/DD'), '54407758627','81','975777143','81','991073755','M');

INSERT INTO PACIENTE VALUES ( '42443175200', 'CAMILA', TO_DATE('1985/02/03','YYYY/MM/DD'), '78271925300','81','969676375','81','976818728','F');

INSERT INTO PACIENTE VALUES ( '93404739817', 'LUISA', TO_DATE('2000/02/01','YYYY/MM/DD'), '18276838480','81','972435277','81','974768858','F');


INSERT INTO ENFERMEIRO VALUES ( '28859793211', 'PEDIATRA', 'MARIO', TO_DATE('1990/05/09','YYYY/MM/DD'), '2629992');

INSERT INTO ENFERMEIRO VALUES ( '16041586544', 'OBSTETRA', 'MARCOS', TO_DATE('1990/02/19','YYYY/MM/DD'), '3998223');

INSERT INTO ENFERMEIRO VALUES ( '56793012371', 'PEDIATRA', 'VICTOR', TO_DATE('1985/02/02','YYYY/MM/DD'), '2278221');

INSERT INTO MEDICAMENTO VALUES ( '11111111', 'DIPIRONA', TO_DATE('2000/05/01','YYYY/MM/DD'));

INSERT INTO MEDICAMENTO VALUES ( '222222', 'NASONEX', TO_DATE('1985/11/13','YYYY/MM/DD'));

INSERT INTO MEDICAMENTO VALUES ( '333333', 'OMEPRAZOL', TO_DATE('1985/12/12','YYYY/MM/DD'));



INSERT INTO ESTOQUE VALUES ( '2629992', '11111111','DIPIRONA','1');

INSERT INTO ESTOQUE VALUES ( '3998223', '222222','NASONEX','1');

INSERT INTO ESTOQUE VALUES ( '2278221', '333333','OMEPRAZOL','1');

INSERT INTO CONSULTA VALUES ( '11613618476', '08312141120', TO_TIMESTAMP('2010-10-13 06:15:37', 'YYYY-MM-DD HH24:MI:SS'));

INSERT INTO CONSULTA VALUES ( '27719625196', '42443175200', TO_TIMESTAMP('2010-11-16 06:15:37', 'YYYY-MM-DD HH24:MI:SS'));

INSERT INTO CONSULTA VALUES ('19515711266', '93404739817',TO_TIMESTAMP('2010-09-02 08:00:37', 'YYYY-MM-DD HH24:MI:SS'));



INSERT INTO MEDICA VALUES ( '11111111', '08312141120', '28859793211',TO_TIMESTAMP('2010-10-13 06:50:20', 'YYYY-MM-DD HH24:MI:SS'));

INSERT INTO MEDICA VALUES ( '333333', '93404739817', '56793012371',TO_TIMESTAMP('2010-09-02 08:15:13', 'YYYY-MM-DD HH24:MI:SS'));



INSERT INTO PRESCREVE VALUES ( '11613618476', '08312141120', '11111111',TO_TIMESTAMP('2010-10-13 06:15:37', 'YYYY-MM-DD HH24:MI:SS'));

INSERT INTO PRESCREVE VALUES ( '27719625196', '42443175200', '333333',TO_TIMESTAMP('2010-11-16 06:15:37', 'YYYY-MM-DD HH24:MI:SS'));

INSERT INTO GERENCIA VALUES ( '27719625196');